 ,movie_id,rank,votes,title,originalTitle,year,rating,titleType,isAdult,runtime,genres
0,tt7286456,1,1270536,Joker,Joker,2019,8.4,movie,0,122,"Crime, Drama, Thriller            "
1,tt4154796,2,1121033,Avengers: Endgame,Avengers: Endgame,2019,8.4,movie,0,181,"Action, Adventure, Drama            "
2,tt4154756,3,1072978,Avengers: Infinity War,Avengers: Infinity War,2018,8.4,movie,0,149,"Action, Adventure, Sci-Fi            "
3,tt6751668,4,794032,Parasite,Gisaengchung,2019,8.5,movie,0,132,"Drama, Thriller            "
4,tt1825683,5,766487,Black Panther,Black Panther,2018,7.3,movie,0,134,"Action, Adventure, Sci-Fi            "
5,tt7131622,6,731535,Once Upon a Time in Hollywood,Once Upon a Time... in Hollywood,2019,7.6,movie,0,161,"Comedy, Drama            "
6,tt8946378,7,624825,Knives Out,Knives Out,2019,7.9,movie,0,130,"Comedy, Crime, Drama            "
8,tt8579674,8,585087,1917,1917,2019,8.2,movie,0,119,"Action, Drama, War            "
7,tt5463162,9,580922,Deadpool 2,Deadpool 2,2018,7.7,movie,0,119,"Action, Adventure, Comedy            "
9,tt4154664,10,559138,Captain Marvel,Captain Marvel,2019,6.8,movie,0,123,"Action, Adventure, Sci-Fi            "
10,tt1727824,11,537769,Bohemian Rhapsody,Bohemian Rhapsody,2018,7.9,movie,0,134,"Biography, Drama, Music            "
11,tt6644200,12,527920,A Quiet Place,A Quiet Place,2018,7.5,movie,0,90,"Drama, Horror, Sci-Fi            "
12,tt4633694,13,524721,Spider-Man: Into the Spider-Verse,Spider-Man: Into the Spider-Verse,2018,8.4,movie,0,117,"Animation, Action, Adventure            "
13,tt6723592,14,500931,Tenet,Tenet,2020,7.3,movie,0,150,"Action, Sci-Fi, Thriller            "
16,tt6320628,15,490591,Spider-Man: Far from Home,Spider-Man: Far from Home,2019,7.4,movie,0,129,"Action, Adventure, Sci-Fi            "
15,tt6966692,16,489113,Green Book,Green Book,2018,8.2,movie,0,130,"Biography, Comedy, Drama            "
14,tt1270797,17,484650,Venom,Venom,2018,6.6,movie,0,112,"Action, Adventure, Sci-Fi            "
17,tt1477834,18,473941,Aquaman,Aquaman,2018,6.8,movie,0,143,"Action, Adventure, Fantasy            "
18,tt2527338,19,450189,Star Wars: The Rise Of Skywalker,Star Wars: Episode IX - The Rise of Skywalker,2019,6.5,movie,0,141,"Action, Adventure, Fantasy            "
19,tt1677720,20,436121,Ready Player One,Ready Player One,2018,7.4,movie,0,140,"Action, Adventure, Sci-Fi            "
20,tt5095030,21,401786,Ant-Man and the Wasp,Ant-Man and the Wasp,2018,7,movie,0,118,"Action, Adventure, Comedy            "
24,tt1950186,22,391832,Ford v Ferrari,Ford v Ferrari,2019,8.1,movie,0,152,"Action, Biography, Drama            "
23,tt2584384,23,388073,Jojo Rabbit,Jojo Rabbit,2019,7.9,movie,0,108,"Comedy, Drama, War            "
22,tt1302006,24,387321,The Irishman,The Irishman,2019,7.8,movie,0,209,"Biography, Crime, Drama            "
21,tt1517451,25,384065,A Star Is Born,A Star Is Born,2018,7.6,movie,0,136,"Drama, Music, Romance            "
25,tt3778644,26,347250,Solo: A Star Wars Story,Solo: A Star Wars Story,2018,6.9,movie,0,135,"Action, Adventure, Sci-Fi            "
26,tt6146586,27,343594,John Wick: Chapter 3 - Parabellum,John Wick: Chapter 3 - Parabellum,2019,7.4,movie,0,130,"Action, Crime, Thriller            "
27,tt2737304,28,342137,Bird Box,Bird Box,2018,6.6,movie,0,124,"Horror, Mystery, Sci-Fi            "
31,tt8367814,29,338168,The Gentlemen,The Gentlemen,2019,7.8,movie,0,113,"Action, Comedy, Crime            "
29,tt0448115,30,337911,Shazam!,Shazam!,2019,7,movie,0,132,"Action, Adventure, Comedy            "
28,tt4912910,31,333091,Mission: Impossible - Fallout,Mission: Impossible - Fallout,2018,7.7,movie,0,147,"Action, Adventure, Thriller            "
32,tt2948372,32,328414,Soul,Soul,2020,8,movie,0,100,"Animation, Adventure, Comedy            "
30,tt2798920,33,327146,Annihilation,Annihilation,2018,6.8,movie,0,115,"Adventure, Drama, Horror            "
37,tt8772262,34,321473,Midsommar,Midsommar,2019,7.1,movie,0,148,"Drama, Horror, Mystery            "
33,tt4881806,35,317151,Jurassic World: Fallen Kingdom,Jurassic World: Fallen Kingdom,2018,6.1,movie,0,128,"Action, Adventure, Sci-Fi            "
35,tt7784604,36,316026,Hereditary,Hereditary,2018,7.3,movie,0,127,"Drama, Horror, Mystery            "
34,tt7653254,37,308953,Marriage Story,Marriage Story,2019,7.9,movie,0,137,"Drama, Romance            "
38,tt6857112,38,299309,Us,Us,2019,6.8,movie,0,116,"Horror, Mystery, Thriller            "
36,tt3606756,39,297366,Incredibles 2,Incredibles 2,2018,7.6,movie,0,118,"Animation, Action, Adventure            "
42,tt4123430,40,283536,Fantastic Beasts: The Crimes of Grindelwald,Fantastic Beasts: The Crimes of Grindelwald,2018,6.5,movie,0,134,"Adventure, Family, Fantasy            "
39,tt5727208,41,281940,Uncut Gems,Uncut Gems,2019,7.4,movie,0,135,"Crime, Drama, Thriller            "
40,tt0437086,42,268418,Alita: Battle Angel,Alita: Battle Angel,2019,7.3,movie,0,122,"Action, Adventure, Sci-Fi            "
44,tt7126948,43,267197,Wonder Woman 1984,Wonder Woman 1984,2020,5.4,movie,0,151,"Action, Adventure, Fantasy            "
45,tt7349950,44,266229,It Chapter Two,It Chapter Two,2019,6.5,movie,0,169,"Drama, Fantasy, Horror            "
41,tt6139732,45,266177,Aladdin,Aladdin,2019,6.9,movie,0,128,"Adventure, Comedy, Family            "
43,tt7349662,46,264534,BlacKkKlansman,BlacKkKlansman,2018,7.5,movie,0,135,"Biography, Comedy, Crime            "
46,tt1979376,47,250861,Toy Story 4,Toy Story 4,2019,7.7,movie,0,100,"Animation, Adventure, Comedy            "
48,tt7975244,48,250825,Jumanji: The Next Level,Jumanji: The Next Level,2019,6.7,movie,0,123,"Action, Adventure, Comedy            "
53,tt9243946,49,250144,El Camino: A Breaking Bad Movie,El Camino: A Breaking Bad Movie,2019,7.3,movie,0,122,"Action, Crime, Drama            "
47,tt6105098,50,245529,The Lion King,The Lion King,2019,6.8,movie,0,118,"Animation, Adventure, Drama            "
49,tt6823368,51,244221,Glass,Glass,2019,6.6,movie,0,129,"Drama, Horror, Sci-Fi            "
51,tt7713068,52,239315,Birds of Prey,Birds of Prey: And the Fantabulous Emancipation of One Harley Quinn,2020,6,movie,0,109,"Action, Adventure, Comedy            "
52,tt2935510,53,236150,Ad Astra,Ad Astra,2019,6.5,movie,0,123,"Adventure, Drama, Mystery            "
50,tt2704998,54,235861,Game Night,Game Night,2018,6.9,movie,0,100,"Action, Adventure, Comedy            "
54,tt1051906,55,228853,The Invisible Man,The Invisible Man,2020,7.1,movie,0,124,"Drama, Horror, Mystery            "
59,tt8332922,56,227347,A Quiet Place Part II,A Quiet Place Part II,2020,7.2,movie,0,97,"Drama, Horror, Sci-Fi            "
57,tt8228288,57,225293,The Platform,El hoyo,2019,7,movie,0,94,"Horror, Sci-Fi, Thriller            "
55,tt5164214,58,220281,Ocean's Eight,Ocean's Eight,2018,6.3,movie,0,110,"Action, Comedy, Crime            "
60,tt7984734,59,217390,The Lighthouse,The Lighthouse,2019,7.4,movie,0,109,"Drama, Fantasy, Horror            "
56,tt1365519,60,215312,Tomb Raider,Tomb Raider,2018,6.3,movie,0,119,"Action, Adventure, Fantasy            "
58,tt6806448,61,213408,Fast & Furious Presents: Hobbs & Shaw,Fast & Furious Presents: Hobbs & Shaw,2019,6.5,movie,0,137,"Action, Adventure, Thriller            "
63,tt3281548,62,204874,Little Women,Little Women,2019,7.8,movie,0,135,"Drama, Romance            "
62,tt8936646,63,203524,Extraction,Extraction,2020,6.7,movie,0,116,"Action, Thriller            "
61,tt5083738,64,201183,The Favourite,The Favourite,2018,7.5,movie,0,119,"Biography, Comedy, Drama            "
66,tt5606664,65,193991,Doctor Sleep,Doctor Sleep,2019,7.3,movie,0,152,"Drama, Fantasy, Horror            "
64,tt1213641,66,189052,First Man,First Man,2018,7.3,movie,0,141,"Biography, Drama, History            "
80,tt7846844,67,188765,Enola Holmes,Enola Holmes,2020,6.6,movie,0,123,"Action, Adventure, Crime            "
68,tt6565702,68,188139,X-Men: Dark Phoenix,Dark Phoenix,2019,5.7,movie,0,113,"Action, Adventure, Sci-Fi            "
65,tt2873282,69,187308,Red Sparrow,Red Sparrow,2018,6.6,movie,0,140,"Action, Drama, Thriller            "
67,tt6499752,70,186763,Upgrade,Upgrade,2018,7.5,movie,0,100,"Action, Sci-Fi, Thriller            "
69,tt3741700,71,183650,Godzilla: King of the Monsters,Godzilla: King of the Monsters,2019,6,movie,0,132,"Action, Adventure, Fantasy            "
71,tt1560220,72,180781,Zombieland: Double Tap,Zombieland: Double Tap,2019,6.7,movie,0,99,"Action, Comedy, Horror            "
70,tt6450804,73,178526,Terminator: Dark Fate,Terminator: Dark Fate,2019,6.2,movie,0,128,"Action, Adventure, Sci-Fi            "
72,tt1070874,74,177669,The Trial of the Chicago 7,The Trial of the Chicago 7,2020,7.7,movie,0,129,"Drama, History, Thriller            "
75,tt8106534,75,177530,6 Underground,6 Underground,2019,6.1,movie,0,128,"Action, Thriller            "
73,tt2066051,76,175862,Rocketman,Rocketman,2019,7.3,movie,0,121,"Biography, Drama, Musical            "
76,tt3104988,77,173368,Crazy Rich Asians,Crazy Rich Asians,2018,6.9,movie,0,120,"Comedy, Drama, Romance            "
83,tt9620292,78,173081,Promising Young Woman,Promising Young Woman,2020,7.5,movie,0,113,"Crime, Drama, Mystery            "
77,tt4520988,79,172978,Frozen II,Frozen II,2019,6.8,movie,0,103,"Animation, Adventure, Comedy            "
74,tt4779682,80,172428,The Meg,The Meg,2018,5.6,movie,0,113,"Action, Horror, Sci-Fi            "
78,tt5104604,81,169682,Isle of Dogs,Isle of Dogs,2018,7.8,movie,0,101,"Animation, Adventure, Comedy            "
79,tt2231461,82,169296,Rampage,Rampage,2018,6.1,movie,0,107,"Action, Adventure, Sci-Fi            "
82,tt4701182,83,166178,Bumblebee,Bumblebee,2018,6.7,movie,0,114,"Action, Adventure, Sci-Fi            "
85,tt7556122,84,165661,The Old Guard,The Old Guard,2020,6.6,movie,0,125,"Action, Thriller            "
84,tt5884052,85,164095,Pokémon Detective Pikachu,Pokémon: Detective Pikachu,2019,6.5,movie,0,104,"Action, Adventure, Comedy            "
81,tt7668870,86,163625,Searching,Searching,2018,7.6,movie,0,102,"Drama, Horror, Mystery            "
89,tt5848272,87,162039,Ralph Breaks the Internet,Ralph Breaks the Internet,2018,7,movie,0,112,"Animation, Adventure, Comedy            "
86,tt1502397,88,161346,Bad Boys for Life,Bad Boys for Life,2020,6.5,movie,0,124,"Action, Comedy, Crime            "
90,tt9770150,89,161141,Nomadland,Nomadland,2020,7.3,movie,0,107,Drama            
88,tt3766354,90,161013,The Equalizer 2,The Equalizer 2,2018,6.7,movie,0,121,"Action, Crime, Thriller            "
92,tt9484998,91,159672,Palm Springs,Palm Springs,2020,7.4,movie,0,90,"Comedy, Fantasy, Mystery            "
87,tt6155172,92,158921,Roma,Roma,2018,7.7,movie,0,135,Drama            
102,tt10288566,93,157825,Another Round,Druk,2020,7.7,movie,0,117,"Comedy, Drama            "
93,tt1502407,94,156283,Halloween,Halloween,2018,6.5,movie,0,106,"Crime, Horror, Thriller            "
91,tt8079248,95,153620,Yesterday,Yesterday,2019,6.8,movie,0,116,"Comedy, Fantasy, Music            "
108,tt10272386,96,152743,The Father,The Father,2020,8.2,movie,0,97,"Drama, Mystery            "
103,tt7798634,97,152323,Ready or Not,Ready or Not,2019,6.8,movie,0,95,"Action, Comedy, Horror            "
95,tt6628394,98,151303,Bad Times at the El Royale,Bad Times at the El Royale,2018,7.1,movie,0,141,"Crime, Drama, Mystery            "
94,tt7040874,99,150406,A Simple Favor,A Simple Favor,2018,6.8,movie,0,117,"Comedy, Crime, Mystery            "
100,tt4729430,100,149860,Klaus,Klaus,2019,8.1,movie,0,96,"Animation, Adventure, Comedy            "
101,tt7146812,101,149816,Onward,Onward,2020,7.4,movie,0,102,"Animation, Adventure, Comedy            "
97,tt5052474,102,149049,Sicario: Day of the Soldado,Sicario: Day of the Soldado,2018,7,movie,0,122,"Action, Crime, Drama            "
98,tt6412452,103,148698,The Ballad of Buster Scruggs,The Ballad of Buster Scruggs,2018,7.3,movie,0,133,"Comedy, Drama, Musical            "
96,tt4566758,104,148638,Mulan,Mulan,2020,5.7,movie,0,115,"Action, Adventure, Drama            "
99,tt6266538,105,148487,Vice,Vice,2018,7.2,movie,0,132,"Biography, Comedy, Drama            "
105,tt5814060,106,142206,The Nun,The Nun,2018,5.3,movie,0,96,"Horror, Mystery, Thriller            "
104,tt13143964,107,141375,Borat Subsequent Moviefilm,Borat Subsequent Moviefilm: Delivery of Prodigious Bribe to American Regime for Make Benefit Once Glorious Nation of Kazakhstan,2020,6.6,movie,0,95,Comedy            
106,tt4500922,108,141353,Maze Runner: The Death Cure,Maze Runner: The Death Cure,2018,6.2,movie,0,143,"Action, Adventure, Sci-Fi            "
126,tt3794354,109,140120,Sonic the Hedgehog,Sonic the Hedgehog,2020,6.5,movie,0,99,"Action, Adventure, Comedy            "
107,tt7959026,110,138317,The Mule,The Mule,2018,7,movie,0,116,"Crime, Drama, Thriller            "
114,tt7395114,111,135541,The Devil All the Time,The Devil All the Time,2020,7.1,movie,0,138,"Crime, Drama, Thriller            "
110,tt2283336,112,135426,Men in Black: International,Men in Black: International,2019,5.6,movie,0,114,"Action, Adventure, Comedy            "
109,tt2854926,113,134881,Tag,Tag,2018,6.5,movie,0,100,"Action, Comedy            "
113,tt3829266,114,134604,The Predator,The Predator,2018,5.3,movie,0,107,"Action, Adventure, Sci-Fi            "
112,tt9893250,115,133322,I Care a Lot,I Care a Lot,2020,6.3,movie,0,118,"Comedy, Crime, Drama            "
111,tt8110330,116,131161,Dil Bechara,Dil Bechara,2020,8.1,movie,0,101,"Comedy, Drama, Romance            "
122,tt7984766,117,130419,The King,The King,2019,7.3,movie,0,140,"Biography, Drama, History            "
118,tt2386490,118,129880,How to Train Your Dragon: The Hidden World,How to Train Your Dragon: The Hidden World,2019,7.4,movie,0,104,"Animation, Action, Adventure            "
116,tt1488606,119,129508,Triple Frontier,Triple Frontier,2019,6.4,movie,0,125,"Action, Thriller            "
119,tt1618434,120,129175,Murder Mystery,Murder Mystery,2019,6,movie,0,97,"Action, Comedy, Crime            "
125,tt5363618,121,128273,Sound of Metal,Sound of Metal,2019,7.7,movie,0,120,"Drama, Music            "
124,tt2222042,122,128129,Love and Monsters,Love and Monsters,2020,6.9,movie,0,109,"Action, Adventure, Comedy            "
117,tt1571234,123,127408,Mortal Engines,Mortal Engines,2018,6.1,movie,0,128,"Action, Adventure, Fantasy            "
115,tt9495224,124,127357,Black Mirror: Bandersnatch,Black Mirror: Bandersnatch,2018,7.1,movie,0,90,"Drama, Fantasy, Mystery            "
121,tt6343314,125,126560,Creed II,Creed II,2018,7.1,movie,0,130,"Drama, Sport            "
120,tt8404614,126,124324,The Two Popes,The Two Popes,2019,7.6,movie,0,125,"Biography, Comedy, Drama            "
127,tt5886046,127,123650,Escape Room,Escape Room,2019,6.4,movie,0,99,"Action, Adventure, Horror            "
123,tt5758778,128,123370,Skyscraper,Skyscraper,2018,5.8,movie,0,102,"Action, Adventure, Thriller            "
130,tt1489887,130,120008,Booksmart,Booksmart,2019,7.1,movie,0,102,Comedy            
128,tt2557478,131,118336,Pacific Rim: Uprising,Pacific Rim: Uprising,2018,5.6,movie,0,111,"Action, Adventure, Fantasy            "
134,tt7737786,132,117741,Greenland,Greenland,2020,6.4,movie,0,119,"Action, Thriller            "
129,tt1590193,133,116769,The Commuter,The Commuter,2018,6.3,movie,0,104,"Action, Mystery, Thriller            "
135,tt10189514,134,116713,Soorarai Pottru,Soorarai Pottru,2020,8.7,movie,0,153,Drama            
131,tt5164432,135,115850,"Love, Simon","Love, Simon",2018,7.5,movie,0,110,"Comedy, Drama, Romance            "
132,tt6394270,136,115816,Bombshell,Bombshell,2019,6.8,movie,0,109,"Biography, Drama            "
141,tt8244784,137,115301,The Hunt,The Hunt,2020,6.5,movie,0,90,"Action, Horror, Thriller            "
133,tt1025100,138,114261,Gemini Man,Gemini Man,2019,5.7,movie,0,117,"Action, Adventure, Sci-Fi            "
137,tt1259528,139,113032,Den of Thieves,Den of Thieves,2018,7,movie,0,140,"Action, Crime, Drama            "
136,tt2139881,140,112136,Long Shot,Long Shot,2019,6.8,movie,0,125,"Comedy, Romance            "
140,tt3846674,141,108731,To All the Boys I've Loved Before,To All the Boys I've Loved Before,2018,7,movie,0,99,"Comedy, Drama, Romance            "
138,tt7401588,142,107959,Instant Family,Instant Family,2018,7.3,movie,0,118,"Comedy, Drama            "
139,tt2548396,143,106111,The Cloverfield Paradox,The Cloverfield Paradox,2018,5.5,movie,0,102,"Action, Horror, Sci-Fi            "
142,tt4777008,144,106089,Maleficent: Mistress of Evil,Maleficent: Mistress of Evil,2019,6.6,movie,0,119,"Adventure, Family, Fantasy            "
144,tt5503686,145,100886,Hustlers,Hustlers,2019,6.3,movie,0,110,"Comedy, Crime, Drama            "
143,tt4530422,146,100027,Overlord,Overlord,2018,6.6,movie,0,110,"Action, Horror, Sci-Fi            "
147,tt1206885,147,99300,Rambo: Last Blood,Rambo: Last Blood,2019,6.1,movie,0,89,"Action, Crime, Thriller            "
149,tt7752126,148,98959,Brightburn,Brightburn,2019,6.1,movie,0,90,"Drama, Horror, Mystery            "
148,tt6189022,149,98593,Angel Has Fallen,Angel Has Fallen,2019,6.4,movie,0,121,"Action, Thriller            "
145,tt4218572,150,98409,Widows,Widows,2018,6.8,movie,0,129,"Crime, Drama, Thriller            "
150,tt6048922,151,97925,Greyhound,Greyhound,2020,7,movie,0,91,"Action, Drama, History            "
151,tt6911608,152,96251,Mamma Mia! Here We Go Again,Mamma Mia! Here We Go Again,2018,6.6,movie,0,114,"Comedy, Musical, Romance            "
146,tt7886848,153,95967,Sadak 2,Sadak 2,2020,1.1,movie,0,133,"Action, Drama            "
154,tt2481498,154,95232,"Extremely Wicked, Shockingly Evil and Vile","Extremely Wicked, Shockingly Evil and Vile",2019,6.7,movie,0,110,"Biography, Crime, Drama            "
153,tt8580274,155,94610,Eurovision Song Contest: The Story of Fire Saga,Eurovision Song Contest: The Story of Fire Saga,2020,6.5,movie,0,123,"Comedy, Musical            "
162,tt8503618,156,94492,Hamilton,Hamilton,2020,8.4,movie,0,160,"Biography, Drama, History            "
155,tt8108198,157,93860,Andhadhun,Andhadhun,2018,8.2,movie,0,139,"Comedy, Crime, Music            "
152,tt0837563,158,92955,Pet Sematary,Pet Sematary,2019,5.7,movie,0,101,"Horror, Mystery, Thriller            "
158,tt1860242,159,92227,The Highwaymen,The Highwaymen,2019,6.9,movie,0,132,"Biography, Crime, Drama            "
164,tt8613070,160,92019,Portrait of a Lady on Fire,Portrait de la jeune fille en feu,2019,8.1,movie,0,122,"Drama, Romance            "
157,tt6292852,161,91837,I Am Mother,I Am Mother,2019,6.7,movie,0,113,"Drama, Mystery, Sci-Fi            "
159,tt2274648,162,91165,Hellboy,Hellboy,2019,5.2,movie,0,120,"Action, Adventure, Fantasy            "
156,tt4364194,163,90932,The Peanut Butter Falcon,The Peanut Butter Falcon,2019,7.6,movie,0,97,"Adventure, Comedy, Drama            "
160,tt4139588,164,90849,Polar,Polar,2019,6.3,movie,0,118,"Action, Thriller            "
187,tt10886166,165,90316,365 Days,365 dni,2020,3.3,movie,0,114,"Drama, Romance            "
166,tt8267604,166,89909,Capernaum,Capharnaüm,2018,8.4,movie,0,126,Drama            
168,tt9071322,167,89351,Dark Waters,Dark Waters,2019,7.6,movie,0,126,"Biography, Drama, History            "
165,tt7550000,168,89253,Project Power,Project Power,2020,6,movie,0,113,"Action, Crime, Sci-Fi            "
163,tt8629748,169,89084,Spenser Confidential,Spenser Confidential,2020,6.2,movie,0,111,"Action, Comedy, Drama            "
161,tt5028340,170,88822,Mary Poppins Returns,Mary Poppins Returns,2018,6.7,movie,0,130,"Adventure, Comedy, Family            "
169,tt3513548,171,88046,Richard Jewell,Richard Jewell,2019,7.5,movie,0,131,"Biography, Crime, Drama            "
167,tt6878306,172,87512,News of the World,News of the World,2020,6.8,movie,0,118,"Action, Adventure, Drama            "
175,tt7939766,173,87187,I'm Thinking of Ending Things,I'm Thinking of Ending Things,2020,6.6,movie,0,134,"Drama, Thriller            "
241,tt7838252,174,86854,K.G.F: Chapter 1,K.G.F: Chapter 1,2018,8.2,movie,0,156,"Action, Crime, Drama            "
172,tt6924650,175,86321,Midway,Midway,2019,6.7,movie,0,138,"Action, Drama, History            "
170,tt8364368,176,85322,Crawl,Crawl,2019,6.1,movie,0,87,"Action, Adventure, Horror            "
173,tt3799232,177,84951,The Kissing Booth,The Kissing Booth,2018,5.9,movie,0,105,"Comedy, Romance            "
171,tt10539608,178,83756,The Midnight Sky,The Midnight Sky,2020,5.6,movie,0,118,"Adventure, Drama, Sci-Fi            "
178,tt5774060,179,83585,Underwater,Underwater,2020,5.8,movie,0,95,"Action, Horror, Sci-Fi            "
179,tt7456310,180,82922,Anna,Anna,2019,6.6,movie,0,118,"Action, Thriller            "
180,tt1413492,181,82797,12 Strong,12 Strong,2018,6.5,movie,0,130,"Action, Drama, History            "
176,tt6513120,182,81978,Fighting with My Family,Fighting with My Family,2019,7.1,movie,0,108,"Biography, Comedy, Drama            "
198,tt10633456,183,81752,Minari,Minari,2020,7.4,movie,0,115,Drama            
174,tt10554232,184,81058,Dara of Jasenovac,Dara iz Jasenovca,2020,8.2,movie,0,130,"Drama, War            "
183,tt3224458,185,80672,A Beautiful Day in the Neighborhood,A Beautiful Day in the Neighborhood,2019,7.2,movie,0,109,"Biography, Drama            "
181,tt4560436,186,80519,Mile 22,Mile 22,2018,6.1,movie,0,94,"Action, Thriller            "
189,tt5688932,187,80382,Sorry to Bother You,Sorry to Bother You,2018,6.9,movie,0,112,"Comedy, Drama, Fantasy            "
192,tt4682266,188,80293,The New Mutants,The New Mutants,2020,5.3,movie,0,94,"Action, Horror, Mystery            "
177,tt2531344,189,80277,Blockers,Blockers,2018,6.2,movie,0,102,"Comedy, Drama            "
190,tt6998518,190,80241,Mandy,Mandy,2018,6.5,movie,0,121,"Action, Fantasy, Horror            "
216,tt8633478,191,80170,Run,Run,2020,6.7,movie,0,90,"Mystery, Thriller            "
197,tt1034415,192,79458,Suspiria,Suspiria,2018,6.7,movie,0,152,"Drama, Fantasy, Horror            "
188,tt8695030,193,79251,The Dead Don't Die,The Dead Don't Die,2019,5.4,movie,0,104,"Comedy, Fantasy, Horror            "
185,tt8623904,194,78651,Last Christmas,Last Christmas,2019,6.5,movie,0,103,"Comedy, Drama, Fantasy            "
184,tt4575576,195,78641,Christopher Robin,Christopher Robin,2018,7.2,movie,0,104,"Adventure, Comedy, Drama            "
186,tt1634106,196,78488,Bloodshot,Bloodshot,2020,5.7,movie,0,109,"Action, Adventure, Sci-Fi            "
182,tt6663582,197,78354,The Spy Who Dumped Me,The Spy Who Dumped Me,2018,6,movie,0,117,"Action, Adventure, Comedy            "
209,tt1226837,198,78304,Beautiful Boy,Beautiful Boy,2018,7.3,movie,0,120,"Biography, Drama            "
194,tt3387520,199,77725,Scary Stories to Tell in the Dark,Scary Stories to Tell in the Dark,2019,6.2,movie,0,108,"Adventure, Horror, Mystery            "
203,tt4003440,200,77707,The House That Jack Built,The House That Jack Built,2018,6.8,movie,0,152,"Crime, Drama, Horror            "
196,tt8075192,201,77188,Shoplifters,Manbiki kazoku,2018,7.9,movie,0,121,"Crime, Drama, Thriller            "
202,tt8350360,202,76652,Annabelle Comes Home,Annabelle Comes Home,2019,5.9,movie,0,106,"Horror, Mystery, Thriller            "
191,tt3861390,203,76609,Dumbo,Dumbo,2019,6.3,movie,0,112,"Adventure, Family, Fantasy            "
193,tt7014006,204,76432,Eighth Grade,Eighth Grade,2018,7.4,movie,0,93,"Comedy, Drama            "
210,tt4332232,205,76308,Fractured,Fractured,2019,6.4,movie,0,99,Thriller            
206,tt10618286,206,75766,Mank,Mank,2020,6.8,movie,0,131,"Biography, Comedy, Drama            "
207,tt8155288,207,75504,Happy Death Day 2U,Happy Death Day 2U,2019,6.2,movie,0,100,"Comedy, Horror, Mystery            "
208,tt5220122,208,75126,Hotel Transylvania 3: Summer Vacation,Hotel Transylvania 3: Summer Vacation,2018,6.3,movie,0,97,"Animation, Adventure, Comedy            "
200,tt6921996,209,75101,Johnny English Strikes Again,Johnny English Strikes Again,2018,6.2,movie,0,89,"Action, Adventure, Comedy            "
199,tt6977338,210,74895,Good Boys,Good Boys,2019,6.7,movie,0,90,"Adventure, Comedy            "
201,tt4532826,211,74548,Robin Hood,Robin Hood,2018,5.3,movie,0,116,"Action, Adventure, Drama            "
211,tt5033998,212,74223,Charlie's Angels,Charlie's Angels,2019,4.9,movie,0,118,"Action, Adventure, Comedy            "
195,tt10280276,213,73645,Coolie No. 1,Coolie No. 1,2020,4.2,movie,0,134,"Action, Comedy, Romance            "
204,tt2990140,214,73214,The Christmas Chronicles,The Christmas Chronicles,2018,7,movie,0,104,"Adventure, Comedy, Family            "
212,tt6679794,215,72984,Outlaw King,Outlaw King,2018,6.9,movie,0,121,"Action, Biography, Drama            "
205,tt1137450,216,72785,Death Wish,Death Wish,2018,6.3,movie,0,107,"Action, Crime, Drama            "
214,tt2709692,217,71345,The Grinch,The Grinch,2018,6.3,movie,0,85,"Animation, Comedy, Family            "
213,tt2452244,218,70526,Isn't It Romantic,Isn't It Romantic,2019,5.9,movie,0,89,"Comedy, Fantasy, Musical            "
215,tt5719748,219,69934,Cold Pursuit,Cold Pursuit,2019,6.2,movie,0,119,"Action, Comedy, Crime            "
217,tt8359848,220,69435,Climax,Climax,2018,6.9,movie,0,97,"Drama, Horror, Music            "
222,tt10059518,221,69273,Unhinged,Unhinged,2020,6,movie,0,90,"Action, Thriller            "
237,tt9686708,222,68661,The King of Staten Island,The King of Staten Island,2020,7.1,movie,0,136,"Comedy, Drama            "
219,tt4916630,223,68259,Just Mercy,Just Mercy,2019,7.6,movie,0,137,"Biography, Crime, Drama            "
231,tt7638348,224,68237,Boss Level,Boss Level,2020,6.8,movie,0,100,"Action, Adventure, Comedy            "
223,tt8688634,225,68038,21 Bridges,21 Bridges,2019,6.6,movie,0,99,"Action, Crime, Drama            "
235,tt6472976,226,67869,Five Feet Apart,Five Feet Apart,2019,7.2,movie,0,116,"Drama, Romance            "
220,tt3513498,227,67488,The Lego Movie 2: The Second Part,The Lego Movie 2: The Second Part,2019,6.6,movie,0,107,"Animation, Action, Adventure            "
221,tt4477536,228,66769,Fifty Shades Freed,Fifty Shades Freed,2018,4.5,movie,0,105,"Drama, Romance, Thriller            "
226,tt9866072,229,66602,Holidate,Holidate,2020,6.1,movie,0,104,"Comedy, Romance            "
236,tt5613484,230,66326,Mid90s,Mid90s,2018,7.3,movie,0,85,"Comedy, Drama            "
233,tt7282468,231,65640,Burning,Beoning,2018,7.5,movie,0,148,"Drama, Mystery, Thriller            "
218,tt6850820,232,65616,Peppermint,Peppermint,2018,6.5,movie,0,101,"Action, Thriller            "
224,tt4971344,233,65459,The Sisters Brothers,Les frères Sisters,2018,6.9,movie,0,122,"Drama, Western            "
229,tt6673612,234,65160,Dolittle,Dolittle,2020,5.6,movie,0,101,"Adventure, Comedy, Family            "
227,tt8637428,235,64903,The Farewell,The Farewell,2019,7.5,movie,0,100,"Comedy, Drama            "
232,tt5461944,236,64792,Hotel Mumbai,Hotel Mumbai,2018,7.6,movie,0,123,"Action, Drama, History            "
225,tt6133466,237,64766,The First Purge,The First Purge,2018,5.2,movie,0,97,"Action, Horror, Sci-Fi            "
244,tt8291224,238,64461,Uri: The Surgical Strike,Uri: The Surgical Strike,2019,8.2,movie,0,138,"Action, Drama, History            "
228,tt1846589,239,64167,Hunter Killer,Hunter Killer,2018,6.6,movie,0,121,"Action, Thriller            "
230,tt4244998,240,63083,Alpha,Alpha,2018,6.6,movie,0,96,"Action, Adventure, Drama            "
238,tt5113040,241,62856,The Secret Life of Pets 2,The Secret Life of Pets 2,2019,6.4,movie,0,86,"Animation, Adventure, Comedy            "
234,tt2388771,242,62522,Mowgli: Legend of the Jungle,Mowgli,2018,6.5,movie,0,104,"Adventure, Drama, Fantasy            "
246,tt6902676,243,62401,Guns Akimbo,Guns Akimbo,2019,6.3,movie,0,98,"Action, Comedy, Crime            "
240,tt7043012,244,61930,Velvet Buzzsaw,Velvet Buzzsaw,2019,5.7,movie,0,113,"Horror, Mystery, Thriller            "
267,tt8368512,245,61797,The Courier,The Courier,2020,7.2,movie,0,112,"Drama, History, Thriller            "
242,tt5726086,246,61488,Insidious: The Last Key,Insidious: The Last Key,2018,5.7,movie,0,103,"Horror, Mystery, Thriller            "
239,tt8526872,247,61313,Dolemite Is My Name,Dolemite Is My Name,2019,7.2,movie,0,118,"Biography, Comedy, Drama            "
247,tt1298644,248,60411,The Hustle,The Hustle,2019,5.4,movie,0,93,"Comedy, Crime            "
245,tt3892172,249,60351,Leave No Trace,Leave No Trace,2018,7.1,movie,0,109,"Adventure, Drama            "
261,tt8368406,250,60150,Vivarium,Vivarium,2019,5.8,movie,0,97,"Horror, Mystery, Sci-Fi            "
243,tt5610554,251,59813,Tully,Tully,2018,6.9,movie,0,95,"Comedy, Drama, Mystery            "
255,tt6475714,252,59627,Monster Hunter,Monster Hunter,2020,5.2,movie,0,103,"Action, Adventure, Fantasy            "
248,tt6742252,253,59515,The Guilty,Den skyldige,2018,7.5,movie,0,85,"Crime, Drama, Thriller            "
264,tt10919380,254,58991,Freaky,Freaky,2020,6.3,movie,0,102,"Comedy, Horror, Thriller            "
250,tt8291806,255,58710,Pain and Glory,Dolor y gloria,2019,7.5,movie,0,113,Drama            
277,tt11032374,256,58117,Demon Slayer the Movie: Mugen Train,Kimetsu no Yaiba: Mugen Ressha-Hen,2020,8.2,movie,0,117,"Animation, Action, Adventure            "
252,tt0385887,257,58003,Motherless Brooklyn,Motherless Brooklyn,2019,6.8,movie,0,144,"Crime, Drama, Mystery            "
251,tt6543652,258,57595,Cold War,Zimna wojna,2018,7.5,movie,0,89,"Drama, Music, Romance            "
249,tt10350922,259,57504,Laxmii,Laxmii,2020,2.6,movie,0,141,"Action, Comedy, Horror            "
254,tt6306064,260,57433,Adrift,Adrift,2018,6.6,movie,0,96,"Action, Adventure, Biography            "
259,tt4687108,261,57254,In the Tall Grass,In the Tall Grass,2019,5.4,movie,0,101,"Horror, Mystery, Sci-Fi            "
258,tt6772950,262,57104,Truth or Dare,Truth or Dare,2018,5.2,movie,0,100,"Horror, Thriller            "
257,tt7374948,263,57068,Always Be My Maybe,Always Be My Maybe,2019,6.8,movie,0,101,"Comedy, Romance            "
272,tt6398184,264,56925,Downton Abbey,Downton Abbey,2019,7.4,movie,0,122,"Drama, Romance            "
263,tt6908274,265,56687,Mirage,Durante la tormenta,2018,7.4,movie,0,128,"Drama, Fantasy, Mystery            "
273,tt4126476,266,56279,After,After,2019,5.3,movie,0,105,"Drama, Romance            "
266,tt8784956,267,56195,Ava,Ava,2020,5.4,movie,0,96,"Action, Drama, Thriller            "
265,tt6452574,268,55330,Sanju,Sanju,2018,7.6,movie,0,155,"Biography, Comedy, Drama            "
253,tt7668842,269,55289,Enes Batur,Enes Batur Hayal mi Gerçek mi?,2018,2,movie,0,110,Comedy            
256,tt7825208,270,55249,Marighella,Marighella,2019,6.6,movie,0,155,"Action, Drama, History            "
288,tt9052870,271,54896,Chhichhore,Chhichhore,2019,8.3,movie,0,143,"Comedy, Drama, Romance            "
281,tt5304992,272,54879,Set It Up,Set It Up,2018,6.5,movie,0,105,"Comedy, Romance            "
293,tt9214832,273,54862,Emma.,Emma.,2020,6.7,movie,0,124,"Comedy, Drama, Romance            "
260,tt5968394,274,54828,Captive State,Captive State,2019,6,movie,0,109,"Action, Horror, Sci-Fi            "
262,tt6791096,275,54403,I Feel Pretty,I Feel Pretty,2018,5.6,movie,0,110,"Comedy, Romance            "
268,tt5834262,276,54210,Hotel Artemis,Hotel Artemis,2018,6.1,movie,0,94,"Action, Crime, Drama            "
271,tt4463894,277,54170,Shaft,Shaft,2019,6.4,movie,0,111,"Action, Comedy, Crime            "
270,tt7958736,278,53996,Ma,Ma,2019,5.6,movie,0,99,"Horror, Mystery, Thriller            "
280,tt8110640,279,53909,In the Shadow of the Moon,In the Shadow of the Moon,2019,6.2,movie,0,115,"Action, Crime, Mystery            "
350,tt9731534,280,53907,The Night House,The Night House,2020,6.5,movie,0,107,"Horror, Mystery, Thriller            "
282,tt10514222,281,53898,Ma Rainey's Black Bottom,Ma Rainey's Black Bottom,2020,6.9,movie,0,94,"Drama, Music            "
286,tt5246700,282,53801,How It Ends,How It Ends,2018,5,movie,0,113,"Action, Drama, Horror            "
278,tt6217306,283,53800,Apostle,Apostle,2018,6.3,movie,0,130,"Drama, Fantasy, Horror            "
269,tt3201640,284,53545,Extinction,Extinction,2018,5.8,movie,0,95,"Action, Drama, Sci-Fi            "
290,tt0983946,285,53049,Fantasy Island,Fantasy Island,2020,4.9,movie,0,109,"Fantasy, Horror, Mystery            "
274,tt4595882,286,52821,Can You Ever Forgive Me?,Can You Ever Forgive Me?,2018,7.1,movie,0,106,"Biography, Comedy, Crime            "
275,tt6820256,287,52814,Arctic,Arctic,2018,6.8,movie,0,98,"Adventure, Drama            "
279,tt8663516,288,52645,Child's Play,Child's Play,2019,5.7,movie,0,90,"Drama, Horror, Sci-Fi            "
276,tt2119543,289,52324,The House with a Clock in Its Walls,The House with a Clock in Its Walls,2018,6,movie,0,105,"Comedy, Family, Fantasy            "
283,tt9777644,290,51889,Da 5 Bloods,Da 5 Bloods,2020,6.5,movie,0,154,"Adventure, Drama, War            "
285,tt5697572,291,51724,Cats,Cats,2019,2.8,movie,0,110,"Comedy, Drama, Family            "
297,tt10682266,292,51635,Hubie Halloween,Hubie Halloween,2020,5.2,movie,0,103,"Comedy, Mystery            "
284,tt5865326,293,51418,The Laundromat,The Laundromat,2019,6.3,movie,0,96,"Comedy, Crime, Drama            "
289,tt2328900,294,51178,Mary Queen of Scots,Mary Queen of Scots,2018,6.3,movie,0,124,"Biography, Drama, History            "
321,tt11655202,295,51095,Riders of Justice,Retfærdighedens ryttere,2020,7.5,movie,0,116,"Action, Comedy, Drama            "
291,tt4913966,296,51092,The Curse of La Llorona,The Curse of La Llorona,2019,5.2,movie,0,93,"Horror, Mystery, Thriller            "
287,tt7549996,297,51081,Judy,Judy,2019,6.8,movie,0,118,"Biography, Drama, Romance            "
295,tt1838556,298,50968,Honest Thief,Honest Thief,2020,6,movie,0,99,"Action, Thriller            "
296,tt11161474,299,50359,Pieces of a Woman,Pieces of a Woman,2020,7,movie,0,126,Drama            
302,tt6079516,300,50311,I See You,I See You,2019,6.8,movie,0,98,"Crime, Drama, Horror            "
298,tt0800325,301,50303,The Dirt,The Dirt,2019,7,movie,0,107,"Biography, Comedy, Drama            "
292,tt5783956,302,49965,When We First Met,When We First Met,2018,6.4,movie,0,97,"Comedy, Fantasy, Romance            "
305,tt5814534,303,49870,Spies in Disguise,Spies in Disguise,2019,6.8,movie,0,102,"Animation, Action, Adventure            "
299,tt7504726,304,49764,The Call of the Wild,The Call of the Wild,2020,6.7,movie,0,100,"Adventure, Drama, Family            "
303,tt5116302,305,49450,Togo,Togo,2019,7.9,movie,0,113,"Adventure, Biography, Drama            "
294,tt7125860,306,49321,If Beale Street Could Talk,If Beale Street Could Talk,2018,7.1,movie,0,119,"Drama, Romance            "
328,tt8239946,307,49309,Tumbbad,Tumbbad,2018,8.2,movie,0,104,"Drama, Fantasy, Horror            "
301,tt10431500,308,49283,Miracle in Cell No. 7,Yedinci Kogustaki Mucize,2019,8.2,movie,0,132,Drama            
310,tt5073642,309,48821,Color Out of Space,Color Out of Space,2019,6.2,movie,0,111,"Horror, Mystery, Sci-Fi            "
316,tt7347846,310,48529,The Lodge,The Lodge,2019,6,movie,0,108,"Drama, Horror, Mystery            "
308,tt5431890,311,48402,Official Secrets,Official Secrets,2019,7.3,movie,0,112,"Biography, Crime, Drama            "
300,tt5177088,312,48254,The Girl in the Spider's Web,The Girl in the Spider's Web,2018,6.1,movie,0,115,"Action, Crime, Drama            "
315,tt1086064,313,48234,Bill & Ted Face the Music,Bill & Ted Face the Music,2020,5.9,movie,0,91,"Adventure, Comedy, Music            "
304,tt7734218,314,48023,Stuber,Stuber,2019,6.2,movie,0,93,"Action, Comedy, Crime            "
312,tt1289403,315,47333,The Guernsey Literary and Potato Peel Pie Society,The Guernsey Literary and Potato Peel Pie Society,2018,7.3,movie,0,124,"Drama, Romance, War            "
311,tt6491178,316,47080,Dragged Across Concrete,Dragged Across Concrete,2018,6.9,movie,0,159,"Action, Thriller            "
318,tt8544498,317,46998,The Way Back,The Way Back,2020,6.7,movie,0,108,"Drama, Sport            "
307,tt7153766,318,46966,Unsane,Unsane,2018,6.4,movie,0,98,"Drama, Horror, Mystery            "
306,tt7431594,319,46884,Race 3,Race 3,2018,1.9,movie,0,160,"Action, Crime, Thriller            "
309,tt2837574,320,46635,The Old Man & the Gun,The Old Man & the Gun,2018,6.7,movie,0,93,"Biography, Comedy, Crime            "
314,tt5932728,321,46548,The Professor and the Madman,The Professor and the Madman,2019,7.2,movie,0,124,"Biography, Drama, History            "
317,tt7315484,322,45990,The Silence,The Silence,2019,5.3,movie,0,90,"Drama, Horror, Sci-Fi            "
319,tt6212478,323,45496,American Animals,American Animals,2018,7,movie,0,116,"Biography, Crime, Drama            "
313,tt1620680,324,45390,A Wrinkle in Time,A Wrinkle in Time,2018,4.2,movie,0,109,"Adventure, Family, Fantasy            "
320,tt5397194,325,45098,Anon,Anon,2018,6.1,movie,0,100,"Crime, Mystery, Sci-Fi            "
340,tt7060344,326,44939,Raatchasan,Ratsasan,2018,8.3,movie,0,170,"Crime, Drama, Mystery            "
324,tt7139936,327,44870,A Rainy Day in New York,A Rainy Day in New York,2019,6.5,movie,0,92,"Comedy, Romance            "
323,tt7772580,328,44243,The Perfection,The Perfection,2018,6.2,movie,0,90,"Drama, Horror, Music            "
326,tt8236336,329,44221,The Report,The Report,2019,7.2,movie,0,119,"Biography, Crime, Drama            "
334,tt2850386,330,43852,The Croods: A New Age,The Croods: A New Age,2020,6.9,movie,0,95,"Animation, Adventure, Comedy            "
325,tt5117670,331,43550,Peter Rabbit,Peter Rabbit,2018,6.6,movie,0,95,"Adventure, Comedy, Crime            "
330,tt5691670,332,43544,Under the Silver Lake,Under the Silver Lake,2018,6.5,movie,0,139,"Crime, Drama, Mystery            "
327,tt5208252,333,43174,Operation Finale,Operation Finale,2018,6.6,movie,0,122,"Biography, Drama, History            "
329,tt6772802,334,42759,Hillbilly Elegy,Hillbilly Elegy,2020,6.7,movie,0,116,Drama            
343,tt8508734,335,42744,His House,His House,2020,6.5,movie,0,93,"Drama, Horror, Thriller            "
332,tt2235695,336,42602,Rebecca,Rebecca,2020,6,movie,0,123,"Drama, Mystery, Romance            "
335,tt5563334,337,42593,The Good Liar,The Good Liar,2019,6.7,movie,0,109,"Crime, Drama, Mystery            "
322,tt7985648,338,42329,The Legend of Tomiris,Tomiris,2019,6.1,movie,0,156,"Action, Drama, History            "
331,tt6476140,339,41852,Serenity,Serenity,2019,5.4,movie,0,106,"Drama, Mystery, Thriller            "
352,tt0805647,340,41760,The Witches,The Witches,2020,5.3,movie,0,106,"Adventure, Comedy, Family            "
338,tt5774450,341,41744,Summer of 84,Summer of 84,2018,6.7,movie,0,105,"Drama, Horror, Mystery            "
368,tt9426210,342,41701,Weathering with You,Tenki no ko,2019,7.5,movie,0,112,"Animation, Drama, Fantasy            "
337,tt3361792,343,41590,Tolkien,Tolkien,2019,6.8,movie,0,112,"Biography, Drama, Romance            "
333,tt6781982,344,41403,Night School,Night School,2018,5.6,movie,0,111,Comedy            
372,tt5001754,345,41217,Braven,Braven,2018,5.9,movie,0,94,"Action, Thriller            "
357,tt11024272,346,41100,The Babysitter: Killer Queen,The Babysitter: Killer Queen,2020,5.8,movie,0,101,"Comedy, Horror            "
336,tt8206668,347,40660,Bad Education,Bad Education,2019,7.1,movie,0,108,"Biography, Comedy, Crime            "
339,tt6259380,348,40500,Code 8,Code 8,2019,6.1,movie,0,98,"Action, Crime, Drama            "
344,tt9619798,349,40317,The Wrong Missy,The Wrong Missy,2020,5.7,movie,0,90,"Comedy, Romance            "
360,tt10620868,350,40268,#Alive,#Saraitda,2020,6.3,movie,0,98,"Action, Drama, Horror            "
354,tt1620981,351,40203,The Addams Family,The Addams Family,2019,5.8,movie,0,86,"Animation, Comedy, Family            "
347,tt2395469,352,40117,Gully Boy,Gully Boy,2019,7.9,movie,0,154,"Drama, Music, Romance            "
356,tt8522006,353,40093,Happiest Season,Happiest Season,2020,6.6,movie,0,102,"Comedy, Drama, Romance            "
341,tt6182908,354,40012,Smallfoot,Smallfoot,2018,6.6,movie,0,96,"Animation, Adventure, Comedy            "
353,tt6803046,355,40007,The Vast of Night,The Vast of Night,2019,6.7,movie,0,91,"Drama, Mystery, Sci-Fi            "
346,tt7212754,356,39903,Ludo,Ludo,2020,7.6,movie,0,150,"Action, Comedy, Crime            "
359,tt9354842,357,39729,To All the Boys: P.S. I Still Love You,To All the Boys: P.S. I Still Love You,2020,6,movie,0,101,"Comedy, Drama, Romance            "
345,tt8201170,358,39715,The Perfect Date,The Perfect Date,2019,5.8,movie,0,89,"Comedy, Romance            "
342,tt3120280,359,39398,Sierra Burgess Is a Loser,Sierra Burgess Is a Loser,2018,5.8,movie,0,105,"Comedy, Drama, Romance            "
349,tt7008872,360,39217,Boy Erased,Boy Erased,2018,6.9,movie,0,115,"Biography, Drama            "
371,tt10039344,361,39195,Countdown,Countdown,2019,5.4,movie,0,90,"Horror, Thriller            "
351,tt4154916,362,39016,Replicas,Replicas,2018,5.4,movie,0,107,"Drama, Sci-Fi, Thriller            "
348,tt1563742,363,38973,Overboard,Overboard,2018,6,movie,0,112,"Comedy, Romance            "
355,tt6324278,364,38914,Abominable,Abominable,2019,7,movie,0,97,"Animation, Adventure, Comedy            "
366,tt7533152,365,38868,The Boy Who Harnessed the Wind,The Boy Who Harnessed the Wind,2019,7.6,movie,0,113,"Biography, Drama, History            "
364,tt4537896,366,38299,White Boy Rick,White Boy Rick,2018,6.5,movie,0,111,"Crime, Drama            "
374,tt9683478,367,38290,The Half of It,The Half of It,2020,6.9,movie,0,104,"Comedy, Drama, Romance            "
398,tt7557108,368,38280,Saint Maud,Saint Maud,2019,6.7,movie,0,84,"Drama, Horror, Mystery            "
365,tt6107548,369,38112,Late Night,Late Night,2019,6.5,movie,0,102,"Comedy, Drama            "
363,tt7339248,370,38082,The Art of Self-Defense,The Art of Self-Defense,2019,6.6,movie,0,104,"Action, Comedy, Crime            "
370,tt8151874,371,37898,Honey Boy,Honey Boy,2019,7.2,movie,0,94,Drama            
379,tt5797184,372,37883,Escape from Pretoria,Escape from Pretoria,2020,6.8,movie,0,106,"Biography, Crime, Mystery            "
387,tt1833116,373,37836,The Informer,The Informer,2019,6.6,movie,0,113,"Action, Crime, Drama            "
361,tt3385524,374,37793,Stan & Ollie,Stan & Ollie,2018,7.2,movie,0,98,"Biography, Comedy, Drama            "
362,tt5057140,375,37754,Hold the Dark,Hold the Dark,2018,5.6,movie,0,125,"Action, Drama, Thriller            "
358,tt5619332,376,37573,Life of the Party,Life of the Party,2018,5.6,movie,0,105,Comedy            
369,tt1255919,377,36990,Holmes & Watson,Holmes & Watson,2018,3.9,movie,0,90,"Comedy, Crime, Mystery            "
396,tt5918982,378,36956,Possessor,Possessor,2020,6.5,movie,0,103,"Horror, Mystery, Sci-Fi            "
367,tt6697582,379,36936,Arif V 216,Arif V 216,2018,7,movie,0,125,"Comedy, Fantasy, Music            "
373,tt5580266,380,36828,The Hate U Give,The Hate U Give,2018,7.5,movie,0,133,"Crime, Drama            "
378,tt5294518,381,36701,Eli,Eli,2019,5.8,movie,0,98,"Drama, Horror, Mystery            "
377,tt4827558,382,36482,High Life,High Life,2018,5.8,movie,0,113,"Adventure, Drama, Horror            "
384,tt8781414,383,36010,Freaks,Freaks,2018,6.7,movie,0,105,"Drama, Mystery, Sci-Fi            "
375,tt1464763,384,35862,Mute,Mute,2018,5.4,movie,0,126,"Mystery, Sci-Fi, Thriller            "
380,tt6938828,385,35678,At Eternity's Gate,At Eternity's Gate,2018,6.9,movie,0,111,"Biography, Drama, History            "
402,tt3833480,386,35180,The Outpost,The Outpost,2019,6.8,movie,0,123,"Action, Drama, History            "
382,tt4964788,387,35174,Everybody Knows,Todos lo saben,2018,6.9,movie,0,133,"Crime, Drama, Mystery            "
388,tt7725596,388,35006,Badhaai Ho,Badhaai ho,2018,7.9,movie,0,124,"Comedy, Drama            "
386,tt4669788,389,34958,On the Basis of Sex,On the Basis of Sex,2018,7.1,movie,0,120,"Biography, Drama            "
376,tt10350626,390,34906,Gunjan Saxena: The Kargil Girl,Gunjan Saxena: The Kargil Girl,2020,5.6,movie,0,112,"Action, Biography, Drama            "
389,tt5690360,391,34877,Slender Man,Slender Man,2018,3.2,movie,0,93,"Horror, Mystery, Thriller            "
381,tt7608028,392,34872,The Open House,The Open House,2018,3.3,movie,0,94,"Horror, Thriller            "
383,tt3256226,393,34668,IO,IO,2019,4.7,movie,0,96,"Adventure, Drama, Sci-Fi            "
385,tt1072748,394,34654,Winchester,Winchester,2018,5.4,movie,0,99,"Drama, Fantasy, Horror            "
393,tt8108202,395,34495,Stree,Stree,2018,7.5,movie,0,128,"Comedy, Horror            "
392,tt4878482,396,34475,Dumplin',Dumplin',2018,6.5,movie,0,110,"Comedy, Drama            "
390,tt7280898,397,34471,22-Jul,22-Jul,2018,6.8,movie,0,143,"Crime, Drama, History            "
394,tt2639336,398,34411,Greta,Greta,2018,6,movie,0,98,"Drama, Mystery, Thriller            "
405,tt8108268,399,34309,The Tashkent Files,The Tashkent Files,2019,8.1,movie,0,134,"Drama, Mystery, Thriller            "
422,tt10324144,400,34038,Article 15,Article 15,2019,8.1,movie,0,130,"Crime, Drama, Mystery            "
397,tt6141246,401,34018,The Aeronauts,The Aeronauts,2019,6.6,movie,0,100,"Action, Adventure, Drama            "
395,tt6802308,402,34009,The 15:17 to Paris,The 15:17 to Paris,2018,5.3,movie,0,94,"Biography, Drama, Thriller            "
408,tt8983202,403,33902,Kabir Singh,Kabir Singh,2019,7,movie,0,173,"Action, Drama, Romance            "
391,tt5523010,404,33897,The Nutcracker and the Four Realms,The Nutcracker and the Four Realms,2018,5.5,movie,0,99,"Adventure, Family, Fantasy            "
399,tt4761916,405,33833,Unfriended: Dark Web,Unfriended: Dark Web,2018,6,movie,0,92,"Horror, Mystery, Thriller            "
409,tt8633462,406,33790,"Quo Vadis, Aida?","Quo vadis, Aida?",2020,8,movie,0,101,"Drama, History, War            "
437,tt10530176,407,33589,The Call,Kol,2020,7.1,movie,0,112,"Crime, Horror, Mystery            "
424,tt6195094,408,33433,Incident in a Ghostland,Ghostland,2018,6.4,movie,0,91,"Drama, Horror, Mystery            "
400,tt9806192,409,33385,I Lost My Body,J'ai perdu mon corps,2019,7.5,movie,0,81,"Animation, Drama, Fantasy            "
410,tt8850222,410,33342,Peninsula,Bando,2020,5.5,movie,0,116,"Action, Horror, Thriller            "
406,tt5935704,411,33219,Padmaavat,Padmaavat,2018,7,movie,0,164,"Drama, History, Romance            "
420,tt6865690,412,33211,The Professor,The Professor,2018,6.7,movie,0,90,"Comedy, Drama            "
403,tt9398640,413,33184,Between Two Ferns: The Movie,Between Two Ferns: The Movie,2019,6.1,movie,0,82,Comedy            
413,tt2076298,414,32804,Ip Man 4: The Finale,Yip Man 4,2019,7,movie,0,107,"Action, Biography, Drama            "
461,tt10003008,415,32773,The Rental,The Rental,2020,5.7,movie,0,88,"Drama, Horror, Mystery            "
434,tt7485048,416,32753,Super 30,Super 30,2019,7.9,movie,0,154,"Biography, Drama            "
401,tt4073790,417,32736,The Darkest Minds,The Darkest Minds,2018,5.7,movie,0,104,"Action, Adventure, Drama            "
430,tt5198068,418,32718,Wolfwalkers,WolfWalkers,2020,8,movie,0,103,"Animation, Adventure, Family            "
448,tt8108274,419,32667,Tanhaji: The Unsung Warrior,Tanhaji: The Unsung Warrior,2020,7.5,movie,0,135,"Action, Biography, Drama            "
414,tt9606374,420,32637,On the Rocks,On the Rocks,2020,6.4,movie,0,96,"Comedy, Drama, Romance            "
412,tt8361028,421,32611,Cam,Cam,2018,5.9,movie,0,94,"Drama, Horror, Mystery            "
439,tt10362466,423,32460,After We Collided,After We Collided,2020,5,movie,0,105,"Drama, Romance            "
426,tt9784456,424,32425,The Kissing Booth 2,The Kissing Booth 2,2020,5.7,movie,0,134,"Comedy, Romance            "
404,tt6513656,425,32402,Escape Plan 2: Hades,Escape Plan 2: Hades,2018,3.8,movie,0,96,"Action, Crime, Mystery            "
438,tt3907584,426,32300,All the Bright Places,All the Bright Places,2020,6.5,movie,0,107,"Drama, Romance            "
407,tt10612922,427,32293,One Night in Miami...,One Night in Miami...,2020,7.1,movie,0,114,Drama            
425,tt1478839,428,32189,The Art of Racing in the Rain,The Art of Racing in the Rain,2019,7.5,movie,0,109,"Comedy, Drama, Romance            "
417,tt8722346,429,32065,Queen & Slim,Queen & Slim,2019,7.1,movie,0,132,"Crime, Drama, Romance            "
431,tt4799066,430,32000,Midnight Sun,Midnight Sun,2018,6.6,movie,0,91,"Drama, Romance            "
415,tt4357394,431,31964,Tau,Tau,2018,5.8,movie,0,97,"Sci-Fi, Thriller            "
447,tt9016974,432,31815,Synchronic,Synchronic,2019,6.2,movie,0,102,"Crime, Drama, Horror            "
418,tt1285009,433,31771,The Strangers: Prey at Night,The Strangers: Prey at Night,2018,5.2,movie,0,85,Horror            
411,tt4986098,434,31722,The Titan,The Titan,2018,4.8,movie,0,97,"Drama, Mystery, Romance            "
445,tt7019842,435,31598,96,96,2018,8.5,movie,0,158,"Drama, Romance            "
443,tt4068576,436,31548,The Nightingale,The Nightingale,2018,7.3,movie,0,136,"Adventure, Drama, Thriller            "
428,tt9086228,437,31378,Gretel & Hansel,Gretel & Hansel,2020,5.5,movie,0,87,"Fantasy, Horror, Mystery            "
427,tt7547410,438,31371,Dora and the Lost City of Gold,Dora and the Lost City of Gold,2019,6.1,movie,0,102,"Action, Adventure, Comedy            "
429,tt7098658,439,31357,Raazi,Raazi,2018,7.7,movie,0,138,"Action, Drama, Thriller            "
416,tt7721800,440,31270,Bharat,Bharat,2019,4.7,movie,0,150,"Action, Comedy, Drama            "
419,tt7242142,441,31154,Blindspotting,Blindspotting,2018,7.4,movie,0,95,"Comedy, Crime, Drama            "
435,tt8242084,442,31143,My Spy,My Spy,2020,6.3,movie,0,99,"Action, Comedy            "
462,tt12749596,443,31044,Host,Host,2020,6.5,movie,0,57,"Horror, Mystery            "
421,tt9196192,444,30898,Cuties,Mignonnes,2020,3.5,movie,0,96,Drama            
423,tt7605074,445,30881,The Wandering Earth,Liu lang di qiu,2019,5.9,movie,0,125,"Action, Adventure, Sci-Fi            "
433,tt3317234,446,30873,"Game Over, Man!","Game Over, Man!",2018,5.4,movie,0,101,"Action, Comedy            "
442,tt5501104,447,30634,Border,Gräns,2018,7,movie,0,110,"Crime, Drama, Fantasy            "
432,tt3721964,448,30589,Gringo,Gringo,2018,6.1,movie,0,111,"Action, Comedy, Crime            "
441,tt6987770,449,30513,Destination Wedding,Destination Wedding,2018,6,movie,0,87,"Comedy, Drama, Romance            "
492,tt5867314,450,30439,The Empty Man,The Empty Man,2020,6.2,movie,0,137,"Horror, Mystery, Thriller            "
436,tt11057644,451,30396,The Christmas Chronicles: Part Two,The Christmas Chronicles: Part Two,2020,6,movie,0,112,"Adventure, Comedy, Family            "
481,tt10521092,452,30226,The Forgotten Battle,De slag om de Schelde,2020,7.1,movie,0,124,"Drama, War            "
451,tt6095472,453,30189,The Angry Birds Movie 2,The Angry Birds Movie 2,2019,6.4,movie,0,97,"Animation, Action, Adventure            "
456,tt6535880,454,30061,Haunt,Haunt,2019,6.3,movie,0,92,"Horror, Thriller            "
440,tt7137380,455,30017,Destroyer,Destroyer,2018,6.2,movie,0,121,"Action, Crime, Drama            "
449,tt6218358,456,29923,Calibre,Calibre,2018,6.8,movie,0,101,"Drama, Thriller            "
444,tt4995776,457,29832,The Red Sea Diving Resort,Operation Brothers,2019,6.6,movie,0,129,"Drama, History, Thriller            "
477,tt9477520,458,29771,Asuran,Asuran,2019,8.4,movie,0,141,"Action, Drama            "
452,tt6436726,459,29557,7500,7500,2019,6.3,movie,0,93,"Action, Drama, Thriller            "
446,tt5929754,460,29367,Wildlife,Wildlife,2018,6.8,movie,0,105,Drama            
466,tt6285944,461,29092,The Banker,The Banker,2020,7.3,movie,0,120,"Biography, Drama            "
467,tt10964430,462,28752,Thappad,Thappad,2020,7,movie,0,142,Drama            
457,tt3089630,463,28613,Artemis Fowl,Artemis Fowl,2020,4.2,movie,0,95,"Adventure, Family, Fantasy            "
450,tt6857166,464,28602,Book Club,Book Club,2018,6.1,movie,0,104,"Comedy, Drama, Romance            "
472,tt7772582,465,28584,Never Rarely Sometimes Always,Never Rarely Sometimes Always,2020,7.4,movie,0,101,Drama            
455,tt8954732,466,28540,The Princess Switch,The Princess Switch,2018,6,movie,0,101,"Comedy, Drama, Family            "
469,tt6269368,467,28533,The Clovehitch Killer,The Clovehitch Killer,2018,6.5,movie,0,109,"Crime, Drama, Mystery            "
453,tt1308728,468,28509,The Happytime Murders,The Happytime Murders,2018,5.4,movie,0,91,"Action, Comedy, Crime            "
460,tt8130968,469,28484,Badla,Badla,2019,7.8,movie,0,118,"Crime, Drama, Mystery            "
458,tt7946422,470,28378,Prospect,Prospect,2018,6.3,movie,0,100,"Adventure, Drama, Sci-Fi            "
454,tt7634968,471,28338,What Men Want,What Men Want,2019,5.3,movie,0,117,"Comedy, Fantasy, Romance            "
473,tt7961060,472,28211,Dragon Ball Super: Broly,Doragon bôru chô: Burorî,2018,7.7,movie,0,100,"Animation, Action, Adventure            "
459,tt6527426,473,28108,Zero,Zero,2018,5.2,movie,0,164,"Comedy, Drama, Romance            "
464,tt2126357,474,27990,Second Act,Second Act,2018,5.8,movie,0,103,"Comedy, Drama, Romance            "
486,tt9354944,475,27897,Jexi,Jexi,2019,6,movie,0,84,"Comedy, Romance, Sci-Fi            "
468,tt2762506,476,27880,Bacurau,Bacurau,2019,7.3,movie,0,131,"Action, Adventure, Horror            "
475,tt6288124,477,27572,"Don't Worry, He Won't Get Far on Foot","Don't Worry, He Won't Get Far on Foot",2018,6.8,movie,0,114,"Biography, Comedy, Drama            "
465,tt10161886,478,27519,The Prom,The Prom,2020,5.9,movie,0,130,"Comedy, Drama, Musical            "
479,tt4648786,479,27467,Harriet,Harriet,2019,6.7,movie,0,125,"Action, Biography, Drama            "
487,tt10065694,480,27408,Antebellum,Antebellum,2020,5.8,movie,0,105,"Drama, Horror, Mystery            "
493,tt9691136,481,27351,Shadow in the Cloud,Shadow in the Cloud,2020,5,movie,0,83,"Action, Horror, War            "
471,tt6768578,482,27276,Dogman,Dogman,2018,7.2,movie,0,103,"Crime, Drama, Thriller            "
480,tt9072352,483,27270,Relic,Relic,2020,6,movie,0,89,"Drama, Horror, Mystery            "
478,tt9252468,484,27250,Mosul,Mosul,2019,7.1,movie,0,101,"Action, Drama, War            "
463,tt9614460,485,27207,Chhapaak,Chhapaak,2020,5.3,movie,0,120,"Biography, Drama            "
476,tt7748244,487,27177,Mortal World,Ölümlü Dünya,2018,7.6,movie,0,107,"Action, Comedy, Crime            "
482,tt3152592,488,27163,Scoob!,Scoob!,2020,5.6,movie,0,93,"Animation, Adventure, Comedy            "
495,tt9340860,489,27072,Let Him Go,Let Him Go,2020,6.7,movie,0,113,"Crime, Drama, Thriller            "
489,tt7329656,490,26911,47 Meters Down: Uncaged,47 Meters Down: Uncaged,2019,5,movie,0,90,"Adventure, Drama, Horror            "
470,tt0859635,491,26893,Super Troopers 2,Super Troopers 2,2018,6,movie,0,99,"Comedy, Crime, Mystery            "
474,tt4504044,492,26799,The Prodigy,The Prodigy,2019,5.9,movie,0,92,"Fantasy, Horror, Mystery            "
490,tt3612126,493,26674,The Grudge,The Grudge,2020,4.3,movie,0,94,"Fantasy, Horror            "
488,tt7218518,494,26561,Pad Man,Padman,2018,7.9,movie,0,140,"Biography, Comedy, Drama            "
483,tt6116856,495,26543,The Night Comes for Us,The Night Comes for Us,2018,6.9,movie,0,121,"Action, Thriller            "
485,tt6348138,496,26493,Missing Link,Missing Link,2019,6.7,movie,0,93,"Animation, Adventure, Comedy            "
491,tt2011311,497,26451,The Outsider,The Outsider,2018,6.2,movie,0,120,"Action, Crime, Drama            "
484,tt8851668,498,26366,The Lovebirds,The Lovebirds,2020,6.1,movie,0,86,"Action, Comedy, Crime            "
494,tt6521876,499,26139,Jay and Silent Bob Reboot,Jay and Silent Bob Reboot,2019,5.6,movie,0,105,"Action, Adventure, Comedy            "
